ID,Section,Requirement Statement,Type,Priority,Verification Methods (from SRS),Primary Method (select),Acceptance Criteria,Agent Procedure (step-by-step),Evidence to Collect,Owner/Role,Phase/Gate,Status,Date Last Updated,Test Case ID / Link,Upstream Trace,Downstream Trace,Notes
TRW-001,9.1 Workflow Triggering & Scope,The workflow **shall run only** in response to a `workflow_run` of the upstream workflow named **“CI Pipeline”**.,Functional,High,"Inspection, Demonstration",Inspection,Only `workflow_run` is declared with `workflows: [CI Pipeline]` and `types: [completed]`.,"Open `.github/workflows/draft-release.yml`.
Verify `on.workflow_run.workflows` includes `CI Pipeline` and `on.workflow_run.types` includes `completed`.
Confirm no other event triggers (`push`, `pull_request`, schedule) are defined for this workflow.",Workflow YAML snippet showing the `on: workflow_run` section.; Screenshot or log of event payload proving trigger source.,Automation QA (Agent),CI Integration,Completed,2025-11-20,,,,Derived from SRS line 109; Verified .github/workflows/draft-release.yml allows only workflow_run from CI Pipeline with type completed; no other triggers.
TRW-002,9.1 Workflow Triggering & Scope,The workflow **shall proceed only** when the upstream `workflow_run.conclusion` equals `success`.,Functional,High,Test,Test,Workflow runs when `conclusion=success` and does not run (or exits early) when `conclusion≠success`.,"Create a controlled upstream run with `conclusion=success` and another with `conclusion=failure` (e.g., dispatch or replay).
Observe draft-release workflow behavior for both upstream runs.",Two run URLs with conclusions and downstream run status.; Logs showing conditional gate `github.event.workflow_run.conclusion == 'success'`.,Automation QA (Agent),CI Integration,Completed,2025-11-20,,,,Derived from SRS line 110; Guard present in .github/workflows/draft-release.yml to exit unless workflow_run.conclusion == success.
TRW-003,9.1 Workflow Triggering & Scope,The workflow **shall proceed only** when the upstream workflow was triggered by a `push` event.,Functional,High,Test,Test,Downstream workflow proceeds only when upstream `event` is `push`; other events are skipped.,"Ensure the job has an early `if:` guard: `github.event.workflow_run.event == 'push'`.
Trigger an upstream run caused by `push` and one by `pull_request`; observe behavior.",YAML snippet with `if: ${{ github.event.workflow_run.event == 'push' }}`.; Run logs/screens showing skip on non-push events.,Automation QA (Agent),CI Integration,Completed,2025-11-20,,,,Derived from SRS line 111; Guard present in .github/workflows/draft-release.yml to exit unless workflow_run.event == push.
TRW-004,9.1 Workflow Triggering & Scope,"The workflow **shall evaluate the upstream `head_branch`** against a configurable allow‑list of patterns: `main`, `develop`, `release-alpha/*`, `release-beta/*`, `release-rc/*` (default), with support for extension via configuration.",Functional,High,"Analysis/Simulation, Test",Analysis/Simulation,Branches in allow-list proceed; others are blocked with a clear diagnostic.,"Identify the allow-list patterns (e.g., `main`, `develop`, `release-*`).
Verify gate logic evaluates `github.event.workflow_run.head_branch` against the list.
Test with branches matching and not matching the list.",Config file or YAML `if` expression showing pattern check.; Run logs from both allowed and disallowed branches.,Automation QA (Agent),CI Integration,Completed,2025-11-20,,,,"Derived from SRS line 112; Allow-list enforced in .github/workflows/draft-release.yml with defaults (main, develop, release-alpha/*, release-beta/*, release-rc/*) and optional extensions via ALLOWED_BRANCH_PATTERNS."
TRW-005,9.1 Workflow Triggering & Scope,"For branches outside the allow‑list, the workflow **shall terminate** with a **no‑op outcome** and perform **no tag or release operations**.",Functional,High,Test,Test,No tags or releases created; logs indicate no-op by branch policy.,"Execute a run from a branch not in the allow-list.
Confirm the workflow exits with a no-op and performs no tag or release operations.",Run log capturing no-op decision.; Release/tags UI showing no changes.,Automation QA (Agent),CI Integration,Completed,2025-11-20,,,,Derived from SRS line 113; Branch allow-list gate in .github/workflows/draft-release.yml exits before tag/release steps for disallowed branches.
TRW-006,9.1 Workflow Triggering & Scope,The workflow **shall define a concurrency group** that ensures only one run per commit SHA is active at a time; subsequent runs for the same SHA **shall cancel** or **queue** per configuration.,Process/Quality,High,"Inspection, Demonstration",Inspection,At most one active run per commit; either queued or cancelled per configuration.,"Open workflow YAML and locate `concurrency:`.
Verify `group` includes the commit SHA (e.g., `${{ github.sha }}`) and `cancel-in-progress: true` (or per policy).
Trigger two runs for the same commit and observe deduping/queuing.",YAML snippet of `concurrency` block.; Run timeline screenshots showing queuing/cancellation.,Automation QA (Agent),CI Integration,Completed,2025-11-20,,,,Derived from SRS line 114; Concurrency configured in .github/workflows/draft-release.yml with group: ${{ github.workflow }}-${{ github.event.workflow_run.head_sha }} and cancel-in-progress: true to ensure one run per commit.
TRW-010,9.2 Versioning & Bump Logic,The workflow **shall compute the next version** from: (a) last reachable tag; (b) parsed semantic version; and (c) commit count since that tag as **BUILD**.,Functional,High,"Analysis/Simulation, Test",Analysis/Simulation,"Version is computed from last tag, parsed semver, and commit count as build number.","Fetch full git history (`fetch-depth: 0`).
Resolve last reachable tag and parse semantic version; determine commit count since tag.
Compute next version candidate.","Logs with last tag, parsed parts, and commit count.; Printed `VERSION_STRING`.",Automation QA (Agent),CI Integration,Completed,2025-11-20,,,,"Derived from SRS line 120; Compute-version action derives MAJOR/MINOR/PATCH from last reachable tag, defaults to 0.1.0 if none, and sets BUILD to commit count since that tag."
TRW-011,9.2 Versioning & Bump Logic,"When no previous tag exists, the base version **shall default to `0.1.0`** prior to applying bump rules.",Functional,Medium,Test,Test,"When no prior tag exists, version defaults to configured base (e.g., `0.1.0`).","Delete tags locally/in test repo to simulate no previous tag.
Run version computation routine.",Log excerpt showing base version fallback path.; `VERSION_STRING` value in output.,Automation QA (Agent),CI Integration,Completed,2025-11-20,,,,Derived from SRS line 121; Compute-version action falls back to base version 0.1.0 when no prior tag exists before applying bump rules.
TRW-012,9.2 Versioning & Bump Logic,"In **PR CI context**, the bump type **shall be determined by PR labels**: `major`, `minor`, or `patch`; exactly one such label shall be present; if none, **default to `patch`**; if multiple, **fail** the computation with a clear diagnostic.",Functional,High,Test,Test,Bump type follows labels; multiple label case fails; none defaults to `patch`.,"Create a PR with label `major`, then with `minor`, then with `patch`.
Create a PR with multiple bump labels to observe failure.
Create a PR with no bump labels to observe default.",CI logs mapping label to bump type.; Failure log for multiple labels.,Automation QA (Agent),CI Integration,Completed,2025-11-20,,,,"Derived from SRS line 122; Compute-version action selects bump from PR labels (major/minor/patch), defaults to patch when none, and fails with a clear diagnostic if multiple labels are present."
TRW-013,9.2 Versioning & Bump Logic,"In **push context on release branches**, the default bump type **shall be at least `patch`** unless overridden by explicit configuration.",Functional,High,Test,Test,Push on release branches yields at least a `patch` bump by default.,"Push commits to a release branch (e.g., `release-alpha/x`).
Observe default bump type selection (≥ patch) unless overridden in config.",Logs showing selected bump type and branch context.,Automation QA (Agent),CI Integration,Completed,2025-11-20,,,,"Derived from SRS line 123; Compute-version action defaults bump to patch on release branches (release-alpha/*, release-beta/*, release-rc/*, release/*) in non-PR contexts."
TRW-014,9.2 Versioning & Bump Logic,"The workflow **shall emit outputs**: `MAJOR`, `MINOR`, `PATCH`, `BUILD_NUMBER`, `VERSION_STRING`, and `IS_PRERELEASE`.",Interface,High,Test,Test,"`MAJOR`, `MINOR`, `PATCH`, `BUILD_NUMBER`, `VERSION_STRING`, and `IS_PRERELEASE` are exported and visible to subsequent steps.",Run the version step and capture exported outputs.,Job output or `GITHUB_OUTPUT` file contents.,Automation QA (Agent),CI Integration,Completed,2025-11-20,,,,"Derived from SRS line 124; Compute-version action exports MAJOR, MINOR, PATCH, BUILD_NUMBER, VERSION_STRING, and IS_PRERELEASE for downstream steps."
TRW-015,9.2 Versioning & Bump Logic,Pre‑release suffix rules **shall** be applied by branch: `release-alpha/*` → `alpha.<BUILD>`; `release-beta/*` → `beta.<BUILD>`; `release-rc/*` → `rc.<BUILD>`; other allowed stable branches → **no suffix**.,Functional,High,Test,Test,"Suffixes match `alpha.<BUILD>`, `beta.<BUILD>`, `rc.<BUILD>`; stable has none.","Execute the workflow on `release-alpha/*`, `release-beta/*`, and `release-rc/*` branches and on a stable branch.
Verify suffix formation per branch and that stable branches have no suffix.",Computed version strings for each branch case.,Automation QA (Agent),CI Integration,Completed,2025-11-20,,,,"Derived from SRS line 125; Compute-version action applies suffixes alpha.<BUILD>, beta.<BUILD>, rc.<BUILD> for release-alpha/beta/rc branches and no suffix for stable branches."
TRW-016,9.2 Versioning & Bump Logic,Stable branches **shall** produce versions **without** any pre‑release suffix; pre‑release branches **shall** include the configured suffix.,Functional,High,Test,Test,Stable branches produce suffix-free versions; prerelease branches include suffix.,"Trigger runs on stable vs prerelease branches.
Confirm that only prerelease branches append a suffix.",Logs showing `IS_PRERELEASE` and final version strings.,Automation QA (Agent),CI Integration,Completed,2025-11-20,,,,Derived from SRS line 126; Compute-version action marks prerelease branches with suffix and sets IS_PRERELEASE=true; stable branches emit no suffix and IS_PRERELEASE=false.
TRW-020,9.3 Tag Naming & Uniqueness,The tag name format **shall be** `v<MAJOR>.<MINOR>.<PATCH>.<BUILD>`.,Interface,High,"Inspection, Test",Inspection,Tag string matches exact pattern `vX.Y.Z.N`.,"Confirm tag format logic produces `v<MAJOR>.<MINOR>.<PATCH>.<BUILD>` (with optional suffix in version, not in tag).
Generate example tags from computed version.",Printed tag value; regex check result.,Automation QA (Agent),CI Integration,Completed,2025-11-20,,,,Derived from SRS line 132; draft-release workflow forms tags as v<MAJOR>.<MINOR>.<PATCH>.<BUILD> without prerelease suffix.
TRW-021,9.3 Tag Naming & Uniqueness,"Before creating a tag, the workflow **shall check** for an existing tag with the same name and, if present, **shall retrieve its target SHA**.",Functional,High,Test,Test,"If tag exists, corresponding object SHA is retrieved.","Query repository for tag existence (via `git ls-remote --tags` or API).
Capture SHA if present.",Command output or API response showing tag and SHA.,Automation QA (Agent),CI Integration,Completed,2025-11-20,,,,Derived from SRS line 133; draft-release workflow checks origin for existing tag and captures SHA via git ls-remote before creation.
TRW-022,9.3 Tag Naming & Uniqueness,"If the tag exists and **resolves to the same commit** SHA as the current run, the workflow **shall treat the condition as success** and **shall not** create a duplicate tag; release creation may be skipped per configuration.",Functional,High,Test,Test,Existing tag on same commit is treated as success; no duplicate operations performed.,"Create a tag on the same commit and rerun workflow.
Observe that run treats it as success and optionally skips release creation per config.",Logs indicating detection of same-commit tag and skip path.,Automation QA (Agent),CI Integration,Completed,2025-11-20,,,,Derived from SRS line 134; draft-release workflow treats existing tag on same commit as success and skips duplicate creation.
TRW-023,9.3 Tag Naming & Uniqueness,"If the tag exists and **resolves to a different commit**, the workflow **shall fail** with a clear conflict diagnostic and **shall not** move or overwrite the tag.",Functional,High,Test,Test,Workflow fails with explicit diagnostic; tag is not moved or overwritten.,"Create a tag with the same name but pointing to a different commit.
Run the workflow and observe failure and no overwrite.",Logs with the two SHAs and failure status.; Tag ref still points to original commit.,Automation QA (Agent),CI Integration,Completed,2025-11-20,,,,Derived from SRS line 135; draft-release workflow fails if existing tag points to a different commit and does not overwrite it.
TRW-024,9.3 Tag Naming & Uniqueness,The workflow **shall prevent** different branches from generating identical tags by incorporating BUILD and (where applicable) pre‑release suffix rules in §9.2.,Quality/Design Constraint,High,"Analysis/Simulation, Test",Analysis/Simulation,Different branches do not produce identical tags; collision path is blocked.,"Run two branches that could compute the same version (e.g., ensure build numbers or suffixes disambiguate).
Verify the workflow prevents identical tag generation across branches.",Logs showing branch-safe versioning decision.,Automation QA (Agent),CI Integration,Completed,2025-11-20,,,,"Derived from SRS line 136; draft-release workflow fails on conflicting existing tags, ensuring different branches cannot produce identical tags and overwrite each other."
TRW-030,9.4 Artifact Requirements & Validation,The workflow **shall rely on artifacts** uploaded by the upstream CI run associated with the triggering `workflow_run`.,Functional,High,Demonstration,Demonstration,Workflow downloads artifacts from upstream run.,Verify presence of artifact download step referencing the upstream `workflow_run` ID.,Logs of artifact download with run ID.,Automation QA (Agent),CI Integration,Completed,2025-11-20,,,,Derived from SRS line 142; draft-release workflow downloads artifacts from the triggering workflow_run via actions/download-artifact using run-id.
TRW-031,9.4 Artifact Requirements & Validation,The workflow **shall download** the artifacts of the triggering `workflow_run`.,Functional,High,Test,Test,Artifacts are retrieved to the runner workspace.,Enumerate artifacts available from `workflow_run` and download them.,Artifact list and local file tree snapshot.,Automation QA (Agent),CI Integration,Completed,2025-11-20,,,,Derived from SRS line 143; draft-release workflow downloads artifacts from triggering workflow_run and lists them under artifacts/ for verification.
TRW-032,9.4 Artifact Requirements & Validation,The workflow **shall locate exactly one** `.vip` package and **exactly one** release notes Markdown file within the downloaded artifacts.,Functional,High,Test,Test,Exactly one of each required artifact is located.,Search the artifacts for exactly one `.vip` package and exactly one release-notes markdown file.,File list with counts; names of selected files.,Automation QA (Agent),CI Integration,Completed,2025-11-20,,,,"Derived from SRS line 144; draft-release workflow enforces exactly one .vip and one release_notes_*.md in artifacts, failing on missing or plural occurrences."
TRW-033,9.4 Artifact Requirements & Validation,The filenames of those artifacts **shall contain** the computed `VERSION_STRING` to enforce **version–artifact consistency**.,Quality,High,Test,Test,Both filenames contain the computed version string.,Compare computed `VERSION_STRING` against artifact filenames.,Screenshot or log of filename match check.,Automation QA (Agent),CI Integration,Completed,2025-11-20,,,,Derived from SRS line 145; draft-release workflow validates both artifact filenames contain computed version string.
TRW-034,9.4 Artifact Requirements & Validation,"If any required artifact is missing or pluralized, the workflow **shall fail** with an actionable diagnostic.",Functional,High,Test,Test,"Workflow fails when artifacts are missing/duplicated, with specific error code/message.","Simulate missing or pluralized artifacts by removing or duplicating files.
Run the workflow to observe failure with actionable diagnostics.",Failure logs including diagnostic details.,Automation QA (Agent),CI Integration,Completed,2025-11-20,,,,Derived from SRS line 146; Locate-artifacts step fails with detailed counts and file list when required artifacts are missing or duplicated.
TRW-040,9.5 Release Creation & Publishing,The workflow **shall create a draft GitHub Release** and attach the `.vip` and release notes assets.,Functional,High,Test,Test,Draft release exists with both `.vip` and release notes attached.,Call the Releases API (or use action) to create a draft release with assets.,Release page URL and asset list.,Automation QA (Agent),CI Integration,Completed,2025-11-20,,,,Derived from SRS line 152; draft-release workflow uses softprops/action-gh-release to create a draft release with .vip and release notes attached.
TRW-041,9.5 Release Creation & Publishing,The GitHub Release **shall set** the **prerelease flag** according to `IS_PRERELEASE`.,Interface,High,Test,Test,Release `prerelease` flag matches computed `IS_PRERELEASE`.,"Ensure `prerelease` flag in release object follows `IS_PRERELEASE`.
Verify both true and false cases.",API response or UI screenshot for both cases.,Automation QA (Agent),CI Integration,Completed,2025-11-20,,,,Derived from SRS line 153; Releases created/updated with prerelease flag set from IS_PRERELEASE output.
TRW-042,9.5 Release Creation & Publishing,"When a release with the computed tag already exists, the workflow **shall update** that release record rather than create a new one.",Functional,Medium,Test,Test,Existing release is updated in place; no duplicate release is created.,"If a release with the computed tag exists, update it rather than creating a new one.","Release history showing updates, not new creation.",Automation QA (Agent),CI Integration,Completed,2025-11-20,,,,"Derived from SRS line 154; Publish step reuses existing release if present, otherwise creates and updates the same release record (no duplicates)."
TRW-043,9.5 Release Creation & Publishing,"Upon successful validation, the workflow **shall publish** the release (transition from draft) and **shall mark it as latest** per repository policy.",Functional,High,Test,Test,Release is published and marked latest (if applicable).,Transition a draft to published and set as latest per repo policy.,Release status in UI/API.,Automation QA (Agent),CI Integration,Completed,2025-11-20,,,,"Derived from SRS line 155; draft-release publish step updates existing release, sets draft=false, make_latest=true, and respects prerelease flag."
TRW-044,9.5 Release Creation & Publishing,All operations **shall authenticate** using `GITHUB_TOKEN` with `contents: write`.,Interface/Security,High,"Inspection, Test",Inspection,`GITHUB_TOKEN` scopes allow required operations.,"Confirm `GITHUB_TOKEN` permissions include `contents: write`.
Attempt an operation requiring those permissions and confirm success.",Permission settings and successful API call logs.,Automation QA (Agent),CI Integration,Completed,2025-11-20,,,,Derived from SRS line 156; Workflow/job permissions grant contents: write and all release/tag operations use GITHUB_TOKEN.
TRW-050,"9.6 Error Handling, Retries & Robustness","Tag push operations **shall be retried** (minimum 3 attempts, ≥5s back‑off between attempts).",Quality/Reliability,Medium,Test,Test,"Tag push is retried (e.g., 3 attempts, 5s delay) before final failure/success.","Attempt to push tag with a simulated transient error and verify retry mechanism (e.g., mock failure or use retryable command).",Logs showing retry count and delays.,Automation QA (Agent),CI Integration,Completed,2025-11-20,,,,Derived from SRS line 162; Tag creation step retries push 3 times with 5s backoff before failing.
TRW-051,"9.6 Error Handling, Retries & Robustness",Release API operations **shall detect** a not‑found (404) response and **shall create** the release; other API errors **shall be handled gracefully** with diagnostics and non‑destructive behavior.,Quality/Reliability,High,Test,Test,404 triggers creation path; other errors are surfaced with graceful handling.,"Invoke release API to fetch by tag; if 404, create release; handle other codes per policy.",Logs for 404 branch and for non-404 error handling.,Automation QA (Agent),CI Integration,Completed,2025-11-20,,,,Derived from SRS line 163; Publish step handles 404 by creating release and surfaces other errors gracefully (no destructive actions).
TRW-052,"9.6 Error Handling, Retries & Robustness",The workflow **shall be non‑destructive** with respect to existing tags; it **shall never move** an existing tag ref.,Quality/Safety,High,"Inspection, Test",Inspection,Existing tags are never moved automatically.,Create an existing tag and attempt to move it; verify the workflow refuses to force-update.,Git command logs; tag ref remains unchanged.,Automation QA (Agent),CI Integration,Completed,2025-11-20,,,,"Derived from SRS line 164; draft-release workflow refuses to move existing tags (fails on conflict, never force-updates)."
TRW-053,"9.6 Error Handling, Retries & Robustness","Re‑runs of the workflow for the same commit and computed version **shall be idempotent**, producing no duplicate tags or releases and no conflicting state.",Quality,High,Test,Test,No duplicate tags/releases are created on re-runs; operations are idempotent.,Re-run the workflow for the same commit and inputs twice.,Run history and resulting refs/releases (no duplicates).,Automation QA (Agent),CI Integration,Completed,2025-11-20,,,,"Derived from SRS line 165; draft-release workflow skips existing same-commit tags and upserts releases, preventing duplicates on reruns."
TRW-060,9.7 Observability & Logging,"The workflow **shall log** at start: commit SHA, head branch, upstream `workflow_run` ID, computed `VERSION_STRING`.",Process/Usability,Medium,"Inspection, Demonstration",Inspection,All required context fields are logged in a structured way.,"Check logs include commit SHA, branch, workflow_run ID, and version string.",Log excerpts with the four fields present.,Automation QA (Agent),CI Integration,Completed,2025-11-20,,,,"Derived from SRS line 171; draft-release logs commit, branch, workflow_run ID, and version via context logging step."
TRW-061,9.7 Observability & Logging,"The workflow **shall log** decision outcomes: bump type, suffix rule applied, tag existence outcome, artifact discovery results.",Process/Usability,Medium,"Inspection, Demonstration",Inspection,Each decision point emits a structured log entry.,"Confirm decision logs for bump, suffix rules, tag existence, and artifact discovery.",Collected log entries covering all decision items.,Automation QA (Agent),CI Integration,Completed,2025-11-20,,,,"Derived from SRS line 172; Workflow logs bump type, suffix application, tag existence outcome, and artifact discovery decisions."
TRW-062,9.7 Observability & Logging,"All failure conditions **shall include** actionable diagnostics indicating detection point, probable cause, and remediation guidance.",Process/Quality,High,Inspection,Inspection,"Failures include actionable diagnostics (errors, causes, next steps).",Induce a few failure modes and check that detailed diagnostics are emitted.,Failure logs for representative cases.,Automation QA (Agent),CI Integration,Completed,2025-11-20,,,,"Derived from SRS line 173; Failure paths emit actionable diagnostics with detection point, cause, and remediation (tag conflicts, push retries, artifact validation)."
TRW-070,9.8 Efficiency & Runner Behavior,The workflow **shall perform a single repository checkout** per job.,Process/Efficiency,Medium,Inspection,Inspection,Only one checkout step is present.,Ensure repository uses a single `actions/checkout` per job.,Workflow YAML highlighting checkout usage.,Automation QA (Agent),CI Integration,Completed,2025-11-20,,,,Derived from SRS line 179; draft-release job performs a single actions/checkout step.
TRW-071,9.8 Efficiency & Runner Behavior,The workflow **shall ensure full Git history** is available for tag reachability and commit counting.,Process/Correctness,High,"Inspection, Test",Inspection,Full git history is available to the job.,Verify `fetch-depth: 0` or equivalent full-history fetch is configured.,Checkout step config and `git rev-list` depth proof.,Automation QA (Agent),CI Integration,Completed,2025-11-20,,,,Derived from SRS line 180; draft-release checkout uses fetch-depth: 0 for full history to support reachability and commit counting.
TRW-072,9.8 Efficiency & Runner Behavior,The workflow **shall not leave persistent configuration side effects** on self‑hosted runners (no global git config mutations beyond the job scope).,Process/Safety,High,Inspection,Inspection,Runner state is clean post-run (no orphaned files/tokens/config).,Run on a self-hosted runner and verify no persistent configuration side effects remain after completion.,"Before/after runner state diff, cleanup logs.",Automation QA (Agent),CI Integration,Completed,2025-11-20,,,,Derived from SRS line 181; Workflow uses local git config only; no global/persistent state changes on runners.
CLA-001,9.9 CLA Policy & Access Control,"The organization **shall maintain** a single `cla-manifest` repository as the authoritative source of CLA status, with each record including at minimum: `github`, `cla_type`, `cla_version`, `signed_on`, `status`, and `evidence_ref`.",Process/Compliance,High,"Inspection, Analysis",Inspection,A central cla-manifest repository exists and its manifest includes the required fields for contributor records.,Locate the org-level cla-manifest repository; inspect manifest.json; confirm a sample of contributor entries contains the required keys.,Link to cla-manifest repository; manifest.json excerpt showing required keys; governance doc naming it as canonical.,Org Governance / Automation QA,Org Governance,Planned,2025-11-23,,ADR-2025-002-CLA-001,,Derived from ADR-2025-002 requirement CLA-001; centralizes CLA status for all repos.
CLA-002,9.9 CLA Policy & Access Control,The reusable `cla-gate` workflow **shall validate** each pull request by checking the PR author and all non-bot commit authors against the CLA manifest and **shall fail** when any required entry is missing or not active.,Process/Compliance,High,"Inspection, Test",Test,"When PR author and all non-bot commit authors have active manifest entries, the CLA gate passes; otherwise it fails with clear diagnostics.",Open a PR where all authors are present and active in the manifest and observe `cla-gate` success; open another where at least one author is missing or revoked and observe a failing `cla-gate` check with explicit messages.,CI logs from `cla-gate` runs for passing and failing scenarios; manifest excerpts for tested users.,Automation QA (Agent),CI Integration,Planned,2025-11-23,,ADR-2025-002-CLA-002,,Derived from ADR-2025-002 requirement CLA-002; ensures CLA eligibility is enforced per PR author and commit authors.
CLA-003,9.9 CLA Policy & Access Control,"Repositories adopting the org-level CLA policy **shall invoke** the `cla-gate` workflow on pull requests targeting protected branches (for example, `main`, `develop`, `release/*`, and `feature/*`).",Process/Compliance,High,Inspection,Inspection,Participating repositories include a CLA gate job in CI that runs on pull requests to protected branches.,Inspect `.github/workflows` in this and a sample of other repos to confirm they call the reusable `cla-gate` workflow for pull_request events on protected branches.,Workflow YAML snippets showing `cla-gate` invocation on PRs targeting protected branches.,Automation QA (Agent),CI Integration,Planned,2025-11-23,,ADR-2025-002-CLA-003,,Derived from ADR-2025-002 requirement CLA-003; ensures CLA checks are wired into CI for protected branches.
CLA-004,9.9 CLA Policy & Access Control,Protected branches **shall require** the `cla-gate` status check to pass before merges are allowed.,Process/Compliance,High,Inspection,Inspection,"Branch protection for `main`, `develop`, and release/feature branches lists `cla-gate` as a required status check.",Review branch protection rules (or rulesets) for protected branches and confirm `cla-gate` is configured as a required check before merge.,Screenshots or configuration exports of branch protection/rulesets showing `cla-gate` as a required status check.,Automation QA (Agent),CI Integration,Planned,2025-11-23,,ADR-2025-002-CLA-004,,Derived from ADR-2025-002 requirement CLA-004; ties CLA enforcement to GitHub branch protection.
CLA-005,9.9 CLA Policy & Access Control,The `cla-manifest` and CLA automation repositories **shall be protected** with CODEOWNERS and branch protection rules to prevent unauthorized or unreviewed changes to CLA policy or data.,Process/Compliance,High,Inspection,Inspection,CODEOWNERS and branch protection are configured for the manifest and automation repositories to restrict who can modify CLA policy or data.,Inspect CODEOWNERS and branch protection settings in the `cla-manifest` and `cla-automation` repositories to verify only authorized teams can change CLA manifests and workflows.,CODEOWNERS excerpts and branch protection configuration for the manifest and automation repositories.,Org Governance,Org Governance,Planned,2025-11-23,,ADR-2025-002-CLA-005,,Derived from ADR-2025-002 requirement CLA-005; hardens CLA-related repos against unauthorized changes.
CLA-006,9.9 CLA Policy & Access Control,The reusable `cla-gate` workflow **shall not hardcode** an organization; it **shall accept** inputs `cla_manifest_repository` and `cla_manifest_file` and use a provided token with minimal required scopes to read the manifest.,Process/Compliance,High,Inspection,Inspection,`cla-gate` declares `cla_manifest_repository` and `cla_manifest_file` inputs and does not embed an org-specific repo in code.,Inspect the reusable `cla-gate` workflow definition to confirm manifest inputs and absence of hardcoded org.,Workflow YAML excerpt showing manifest inputs; absence of hardcoded org in gate logic.,Automation QA (Agent),CI Integration,Planned,2025-11-23,,ADR-2025-002-CLA-006,,Derived from ADR-2025-002 requirement CLA-006; ensures the gate is org-agnostic and portable.
CLA-007,9.9 CLA Policy & Access Control,"The CLA manifest scope **may be per organization or per repository**; the gate **shall enforce** the manifest it is configured to use, and differences across manifests are acceptable.",Process/Compliance,Medium,Inspection,Inspection,`cla-gate` accepts manifest repo/path inputs and is documented as allowing per-org or per-repo scopes; no implicit org is assumed.,Inspect `cla-gate` docs and inputs to confirm manifest scope is configurable per invocation and no hardcoded org is present.,Workflow docs/excerpt showing manifest scope inputs and org-agnostic design.,Automation QA (Agent),CI Integration,Planned,2025-11-23,,ADR-2025-002-CLA-007,,Derived from ADR-2025-002 requirement CLA-007; allows per-repo or per-org manifests with the gate enforcing the configured source.
CLA-008,9.9 CLA Policy & Access Control,The `cla-gate` workflow **shall surface** which `cla_manifest_repository` and `cla_manifest_file` were used and list any PR author or commit authors that failed the check.,Process/Compliance,High,Inspection,Inspection,`cla-gate` logs/outputs the manifest repo/file used and enumerates failing handles (author and commit authors) when the check fails.,Inspect `cla-gate` job logs/output for manifest source info and failed handles when a CLA check fails.,CI log excerpt showing manifest source and failing handles.,Automation QA (Agent),CI Integration,Planned,2025-11-23,,ADR-2025-002-CLA-008,,Derived from ADR-2025-002 requirement CLA-008; improves observability for CLA enforcement.
CLA-009,9.9 CLA Policy & Access Control,The `cla-gate` workflow **shall support** forked PRs by allowing read-only manifest mode when no token is provided for public manifests and **shall fail closed** on protected branches when manifest access fails.,Process/Compliance,High,Inspection,Inspection,"`cla-gate` handles public-manifest reads without a token for fork PRs, and fails closed on protected branches when manifest access fails.",Inspect `cla-gate` behavior/config to confirm read-only mode without a token for public manifests and fail-closed behavior on protected branches if manifest access is denied.,Workflow logic/docs demonstrating fork support and fail-closed behavior on protected branches.,Automation QA (Agent),CI Integration,Planned,2025-11-23,,ADR-2025-002-CLA-009,,Derived from ADR-2025-002 requirement CLA-009; supports forks while keeping protected branches safe.
CLA-010,9.9 CLA Policy & Access Control,Documentation **shall provide** a minimal fork-friendly workflow snippet showing how to set `cla_manifest_repository`/`cla_manifest_file` inputs so forks can reuse the upstream manifest without hardcoded org names.,Process/Compliance,Medium,Inspection,Inspection,Contributor/maintainer docs include a copy-paste snippet for forks showing `cla_manifest_repository`/`cla_manifest_file` inputs and no hardcoded org names.,Inspect documentation to confirm a fork-friendly `cla-gate` snippet with manifest inputs and org-agnostic references.,Doc excerpt with fork-friendly snippet.,Automation QA (Agent),CI Integration,Planned,2025-11-23,,ADR-2025-002-CLA-010,,Derived from ADR-2025-002 requirement CLA-010; makes the gate easy to reuse in forks.
CLA-011,9.9 CLA Policy & Access Control,"The `cla-gate` workflow **shall treat** the manifest as read-only, never writing or updating manifest data, and **shall use** a minimal-scope token (e.g., contents:read) when a token is provided.",Process/Compliance,High,Inspection,Inspection,`cla-gate` does not write to the manifest and uses a read-only/minimal-scope token for manifest access.,Inspect `cla-gate` workflow logic to confirm no write operations and token scopes are read-only/minimal.,Workflow logic/config showing no writes and minimal token scopes.,Automation QA (Agent),CI Integration,Planned,2025-11-23,,ADR-2025-002-CLA-011,,Derived from ADR-2025-002 requirement CLA-011; ensures the gate is read-only and least-privilege.
CLA-012,9.9 CLA Policy & Access Control,Manifest changes **shall be validated** in CI against a JSON schema; schema or required-field violations **shall** fail the change.,Process/Compliance,High,"Inspection, Test",Test,CI runs schema validation for manifest changes and fails on violations.,Trigger CI on a manifest change and confirm schema validation passes/fails appropriately.,CI logs showing schema validation pass/fail; reference to the JSON schema.,Automation QA (Agent),CI Integration,Planned,2025-11-23,,ADR-2025-002-CLA-012,,Derived from ADR-2025-002 requirement CLA-012; enforces manifest schema in CI.
CLA-013,9.9 CLA Policy & Access Control,"Repositories consuming `cla-gate` **shall pin** the workflow to a tagged version (e.g., `@v1`) rather than `@main`.",Process/Compliance,Medium,Inspection,Inspection,"`cla-gate` is referenced with a tagged version in consuming repos, not `@main`.",Inspect consuming workflow files to confirm `cla-gate` is pinned to a tag.,Workflow YAML showing `cla-gate` pinned to a tagged version.,Automation QA (Agent),CI Integration,Planned,2025-11-23,,ADR-2025-002-CLA-013,,Derived from ADR-2025-002 requirement CLA-013; prevents drift from unpinned refs.
CLA-014,9.9 CLA Policy & Access Control,"Manifest updates **shall include** an audit note (who/why, CLA version) and be merged via PR with required reviewers; direct pushes are not allowed.",Process/Compliance,High,Inspection,Inspection,Manifest PRs include audit notes and required reviews; branch protection disallows direct pushes.,Inspect a manifest change PR for audit note and required approvals; review branch protection settings.,Manifest PR example with audit note and approvals; branch protection config.,Org Governance,Org Governance,Planned,2025-11-23,,ADR-2025-002-CLA-014,,Derived from ADR-2025-002 requirement CLA-014; enforces auditable manifest changes.
CLA-015,9.9 CLA Policy & Access Control,"`cla-gate` **shall run** with a read-only token from a minimal-scope credential (e.g., GitHub App); PATs are disallowed unless explicitly approved.",Process/Compliance,High,Inspection,Inspection,Token used by `cla-gate` is minimal-scope/read-only; no PAT unless explicitly approved.,Inspect gate configuration/credentials to confirm token source/scope; verify PAT use is disallowed by policy.,Credential config and policy docs showing token scope and PAT restrictions.,Automation QA (Agent),CI Integration,Planned,2025-11-23,,ADR-2025-002-CLA-015,,Derived from ADR-2025-002 requirement CLA-015; ensures least-privilege tokens.
CLA-016,9.9 CLA Policy & Access Control,"If the manifest is public and no token is provided, `cla-gate` **may** read anonymously; if access fails, it **shall fail closed** on protected branches with a clear diagnostic.",Process/Compliance,High,Inspection,Inspection,Gate allows anonymous read for public manifests when no token is present; fails closed with diagnostic if access fails on protected branches.,Inspect gate behavior/docs for anonymous-read mode and fail-closed behavior on protected branches when manifest access fails.,Gate docs/logs showing anonymous read and fail-closed behavior.,Automation QA (Agent),CI Integration,Planned,2025-11-23,,ADR-2025-002-CLA-016,,Derived from ADR-2025-002 requirement CLA-016; clarifies public-manifest handling and fail-closed behavior.
CLA-017,9.9 CLA Policy & Access Control,`cla-gate` **shall evaluate** all non-bot commit authors and Co-authored-by trailers; failures **shall** list identities lacking an active CLA entry.,Process/Compliance,High,"Inspection, Test",Test,Gate checks author + all non-bot commit authors (including Co-authored-by) and lists missing identities on failure.,Open PRs with multiple commit authors/Co-authored-by trailers and verify missing identities are reported; inspect logs.,Gate logs showing checked identities and missing entries.,Automation QA (Agent),CI Integration,Planned,2025-11-23,,ADR-2025-002-CLA-017,,Derived from ADR-2025-002 requirement CLA-017; ensures all contributors on a PR are validated.
CLA-018,9.9 CLA Policy & Access Control,"Documentation **shall include** mainline and forked workflow snippets, sample gate output (manifest source, failing handles), and a short FAQ for troubleshooting CLA failures.",Process/Compliance,Medium,Inspection,Inspection,"Docs contain mainline/fork snippets, sample output, and a troubleshooting FAQ.",Inspect documentation to confirm presence of snippets, sample output, and FAQ.,"Doc excerpts showing snippets, sample output, FAQ.",Automation QA (Agent),CI Integration,Planned,2025-11-23,,ADR-2025-002-CLA-018,,Derived from ADR-2025-002 requirement CLA-018; improves usability/troubleshooting.
CLA-019,9.9 CLA Policy & Access Control,"Protected branches (e.g., `main`, `develop`, `release/*`, `feature/*`) **shall require** the `cla-gate` status check via branch protection or rulesets.",Process/Compliance,High,Inspection,Inspection,Branch protection/rulesets list `cla-gate` as required on protected branches.,Review branch protection/ruleset configs to confirm `cla-gate` is required.,Branch protection/ruleset config showing `cla-gate` required.,Automation QA (Agent),CI Integration,Planned,2025-11-23,,ADR-2025-002-CLA-019,,Derived from ADR-2025-002 requirement CLA-019; enforces gate at merge time.
CLA-020,9.9 CLA Policy & Access Control,The manifest **shall document** how to handle GitHub handle changes/merges; superseded handles **shall** be marked inactive when a new handle replaces them.,Process/Compliance,Medium,Inspection,Inspection,Manifest/process docs cover handle change/merge procedure; superseded handles marked inactive.,Inspect manifest/process docs and sample entries showing inactive superseded handles.,Docs and manifest entries reflecting handle-change procedure.,Org Governance,Org Governance,Planned,2025-11-23,,ADR-2025-002-CLA-020,,Derived from ADR-2025-002 requirement CLA-020; handles identity changes correctly.
CLA-021,9.9 CLA Policy & Access Control,The manifest **shall declare** a schema version; `cla-gate` **shall** enforce compatibility and fail closed on unknown/unsupported versions.,Process/Compliance,High,"Inspection, Test",Test,Manifest includes schema version; gate rejects unknown/unsupported versions.,Add manifest with supported/unsupported schema version and observe gate behavior.,Manifest excerpt with schema version; gate logs rejecting unsupported version.,Automation QA (Agent),CI Integration,Planned,2025-11-23,,ADR-2025-002-CLA-021,,Derived from ADR-2025-002 requirement CLA-021; enforces schema version compatibility.
CLA-022,9.9 CLA Policy & Access Control,`cla-gate` **shall** explicitly exempt only known bot accounts; all other non-human authors **shall** require CLA validation.,Process/Compliance,High,Inspection,Inspection,Gate documents bot exemptions and validates all other commit authors.,Inspect gate logic/docs to confirm bot exemption list and default validation of other authors.,Gate config/docs showing bot exemption list and validation behavior.,Automation QA (Agent),CI Integration,Planned,2025-11-23,,ADR-2025-002-CLA-022,,Derived from ADR-2025-002 requirement CLA-022; controls bot exemptions.
CLA-023,9.9 CLA Policy & Access Control,"`cla-gate` **shall complete** within a defined timeout (e.g., <60s per run) and fail closed with a clear diagnostic if exceeded.",Process/Compliance,Medium,"Inspection, Test",Test,Gate enforces a timeout and produces a clear failure when exceeded.,Induce/observe timeout behavior and confirm fail-closed diagnostic.,Gate logs showing timeout enforcement and diagnostic.,Automation QA (Agent),CI Integration,Planned,2025-11-23,,ADR-2025-002-CLA-023,,Derived from ADR-2025-002 requirement CLA-023; bounds runtime and behavior on timeout.
CLA-024,9.9 CLA Policy & Access Control,"If manifest data is cached, a maximum TTL **shall** be defined; caches **shall** be refreshed per PR/run to avoid stale decisions.",Process/Compliance,Medium,Inspection,Inspection,Gate/docs define cache TTL and refresh policy per PR/run.,Inspect gate docs/config to confirm cache TTL and refresh behavior.,Docs/config showing cache TTL and refresh per PR/run.,Automation QA (Agent),CI Integration,Planned,2025-11-23,,ADR-2025-002-CLA-024,,Derived from ADR-2025-002 requirement CLA-024; prevents stale manifest use.
CLA-025,9.9 CLA Policy & Access Control,"Manifest integrity **shall** be protected (e.g., checksum or signature); `cla-gate` **shall** verify integrity before use when provided.",Process/Compliance,Medium,Inspection,Inspection,Gate/docs describe checksum/signature verification when provided.,Inspect gate docs/config to confirm integrity verification option.,Docs/config showing integrity verification step.,Automation QA (Agent),CI Integration,Planned,2025-11-23,,ADR-2025-002-CLA-025,,Derived from ADR-2025-002 requirement CLA-025; ensures manifest integrity.
CLA-026,9.9 CLA Policy & Access Control,`evidence_ref` targets **shall** follow retention/location guidance and **shall not** include PII/secrets in the manifest; storage location **shall** be documented.,Process/Compliance,High,Inspection,Inspection,Manifest/docs specify evidence storage guidance and exclude PII/secrets from the manifest.,Inspect manifest/docs for evidence guidance and absence of PII/secrets.,Docs showing evidence guidance; manifest excerpt without PII/secrets.,Org Governance,Org Governance,Planned,2025-11-23,,ADR-2025-002-CLA-026,,Derived from ADR-2025-002 requirement CLA-026; protects sensitive data handling.
CLA-027,9.9 CLA Policy & Access Control,"Handle/email mapping rules **shall** be documented; when commit emails do not map to GH handles, the mapping **shall** be applied before CLA evaluation.",Process/Compliance,Medium,Inspection,Inspection,Docs describe email→handle mapping; gate applies mapping before evaluation.,Inspect mapping docs and gate logic for email→handle mapping usage.,Docs and gate logic showing mapping applied.,Automation QA (Agent),CI Integration,Planned,2025-11-23,,ADR-2025-002-CLA-027,,Derived from ADR-2025-002 requirement CLA-027; handles non-matching emails correctly.
CLA-028,9.9 CLA Policy & Access Control,"`cla-gate` **should emit** metrics (e.g., failures by reason) and support alerting when missing-CLA failures exceed a threshold.",Process/Compliance,Medium,Inspection,Inspection,Gate emits metrics and can alert on thresholded missing-CLA failures.,Inspect gate observability/alerting configuration for CLA failure metrics/alerts.,Gate observability config showing metrics and alerting thresholds.,Automation QA (Agent),CI Integration,Planned,2025-11-23,,ADR-2025-002-CLA-028,,Derived from ADR-2025-002 optional requirement CLA-028; improves observability/alerts.
CLA-029,9.9 CLA Policy & Access Control,`cla-gate` **should implement** retry/backoff and request caps to the manifest source; on limit exceed it fails closed with a clear diagnostic.,Process/Compliance,Medium,Inspection,Inspection,Gate docs/config describe retry/backoff and request caps; fail-closed diagnostic on limit exceed.,Inspect gate config/docs for retry/backoff caps and fail-closed behavior on cap exceed.,Docs/config showing retry/backoff caps and fail-closed diagnostic.,Automation QA (Agent),CI Integration,Planned,2025-11-23,,ADR-2025-002-CLA-029,,Derived from ADR-2025-002 optional requirement CLA-029; guards against DoS/overuse.
CLA-030,9.9 CLA Policy & Access Control,Failure messaging **should** use a standard auto-comment with intake/docs links and a concise template across repos.,Process/Compliance,Low,Inspection,Inspection,Standardized failure message/comment template is defined and used.,Inspect gate failure messages/templates for standardization and links.,Template excerpt showing standardized failure message.,Automation QA (Agent),CI Integration,Planned,2025-11-23,,ADR-2025-002-CLA-030,,Derived from ADR-2025-002 optional requirement CLA-030; improves UX consistency.
CLA-031,9.9 CLA Policy & Access Control,"`cla-gate` **should target** an availability SLO; if the manifest source is down, it fails closed and notifies maintainers per procedure.",Process/Compliance,Medium,Inspection,Inspection,Gate docs define SLO/notification; gate fails closed on source outage.,Inspect gate docs/config for SLO/notification and fail-closed behavior on manifest outage.,Docs showing SLO and notification procedure.,Automation QA (Agent),CI Integration,Planned,2025-11-23,,ADR-2025-002-CLA-031,,Derived from ADR-2025-002 optional requirement CLA-031; sets availability expectations.
CLA-032,9.9 CLA Policy & Access Control,"`cla-gate` **may provide** a dry-run/smoke mode for onboarding (report-only), disabled by default on protected branches.",Process/Compliance,Low,Inspection,Inspection,Gate supports a dry-run/report-only mode and it is disabled on protected branches by default.,Inspect gate config/docs for dry-run mode and default disablement on protected branches.,Docs/config showing dry-run mode and protected-branch defaults.,Automation QA (Agent),CI Integration,Planned,2025-11-23,,ADR-2025-002-CLA-032,,Derived from ADR-2025-002 optional requirement CLA-032; aids onboarding.
CLA-033,9.9 CLA Policy & Access Control,`cla-gate` **may optionally verify** that `evidence_ref` locations are reachable (without exposing contents) and warn if not.,Process/Compliance,Low,Inspection,Inspection,Gate/docs describe optional reachability check for evidence_ref and warning behavior.,Inspect gate docs/config for evidence_ref reachability check and warnings.,Docs/config showing reachability check behavior.,Org Governance,Org Governance,Planned,2025-11-23,,ADR-2025-002-CLA-033,,Derived from ADR-2025-002 optional requirement CLA-033; detects unreachable evidence refs.
CLA-034,9.9 CLA Policy & Access Control,Logs and outputs **should** be retained per policy and **shall not** include PII/secrets from the manifest or evidence refs; redaction rules **shall** be documented.,Process/Compliance,High,Inspection,Inspection,Docs/config define log retention and redaction; logs do not include PII/secrets.,Inspect logging/redaction config and sample logs for absence of PII/secrets; verify retention policy.,Docs and sample logs showing redaction and retention policy.,Automation QA (Agent),CI Integration,Planned,2025-11-23,,ADR-2025-002-CLA-034,,Derived from ADR-2025-002 optional requirement CLA-034; protects sensitive data in logs.
R-BUILD-ARTIFACTS-001,Build,"The build pipeline SHALL stage three PPLs before VIPM packaging: resource/plugins/lv_icon.lvlibp, resource/plugins/lv_icon.lvlibp.windows_x64, and resource/plugins/lv_icon.lvlibp.windows_x86.",Functional,Must,Inspection; Test,Inspection,All three files exist under resource/plugins prior to invoking build_vip.ps1.,"1) Run build-ppl-x64 and build-ppl-x86 jobs
2) Download artifacts into resource/plugins
3) Verify presence of neutral and windows_x64/windows_x86 PPLs before build-vip.",CI logs; artifact listings; pipeline run URL,Build/Release,Release,Proposed,,Test/ModifyVIPBDisplayInfo.Tests.ps1; CI build-vip preflight,VIPB PPL references; build-vip preflight checks,Downstream: VIP packaging succeeds without missing PPL errors,
BIND-001,9.10 Development Mode Binding,"The bind/unbind composite SHALL detect per-bitness development-mode token state and emit a machine-readable summary (JSON) listing the current INI path, expected path, and planned action (bind/skip/unbind/fail) for each requested bitness.",Functional,High,"Inspection, Test",Inspection,JSON summary includes entries for each requested bitness with fields current_path, expected_path, and action reflecting actual INI state.,"Run the composite in status/dry-run mode against a repo with known dev-mode states (bound and unbound).
Inspect JSON output for each bitness: current_path matches INI, expected_path matches the repo, action reflects the decision.",JSON output snippet; INI file contents before/after showing accuracy.,Automation QA (Agent),Build/Release,Planned,2025-02-20,,,,Nice-to-have status visibility; enables automation.
BIND-002,9.10 Development Mode Binding,"When binding, the composite SHALL apply development mode only for bitnesses that are missing or mismatched and SHALL skip bitnesses whose LocalHost.LibraryPaths already contains the expected token path (the repo’s lvproj parent), and SHALL ensure dev-mode prep completes (packed libs removed, sources prepared) for the bitnesses it binds.",Functional,High,Test,Test,"After running bind: (a) previously mismatched/missing bitness shows the repo path in INI, packed libs are removed, and dev-mode prep completes; (b) bitnesses with an existing matching LocalHost.LibraryPaths entry remain unchanged.",Set a wrong INI path for one bitness and correct for another; run bind; verify only the wrong bitness changes while the correct one is untouched, and that packed libs are removed/prepare scripts ran for the changed bitness.,Before/after INI entries; dev-mode logs per bitness; absence of packed libs.,Automation QA (Agent),Build/Release,Planned,2025-02-20,,,,Uses existing Set_Development_Mode.ps1 under the hood.
BIND-003,9.10 Development Mode Binding,"When unbinding, the composite SHALL call the revert flow for requested bitnesses and remove dev-mode tokens for the provided repository path, restoring packaged sources.",Functional,High,Test,Test,After unbind the INI token for each requested bitness is absent (or no longer points to the repo) and packaged sources are restored.,Bind both bitnesses, then run unbind; confirm tokens removed and packaged sources restored per RevertDevelopmentMode.ps1.,INI file after unbind; revert script logs; presence of packaged sources.,Automation QA (Agent),Build/Release,Planned,2025-02-20,,,,Ensures clean teardown.
BIND-004,9.10 Development Mode Binding,"The composite SHALL support a DryRun/Report mode that performs no INI or file changes while still emitting the status JSON and human-readable summary.",Interface,Medium,"Inspection, Test",Inspection,With DryRun enabled, INI/files remain unchanged and a status summary is produced.,Run DryRun on a known state; diff INI/files before/after; verify summary emitted.,INI/file diff (no changes); summary/log excerpt.,Automation QA (Agent),Build/Release,Planned,2025-02-20,,,,Protects from unintended changes.
BIND-005,9.10 Development Mode Binding,"The composite SHALL guard scope: it SHALL only modify dev-mode tokens that target the provided repository path unless an explicit Force flag is supplied.",Quality/Design Constraint,High,"Inspection, Test",Inspection,Without Force, tokens pointing to other repos remain unchanged; with Force, the composite can overwrite those tokens intentionally.,Place INI entries for another repo and for the target repo; run bind without Force (other repo untouched) then with Force (token updated).,INI before/after; logs showing Force behavior.,Automation QA (Agent),Build/Release,Planned,2025-02-20,,,,Prevents accidental cross-repo changes.
BIND-006,9.10 Development Mode Binding,"After bind/unbind, the composite SHALL re-read the LabVIEW INI token for each requested bitness and include the observed post-state in the JSON summary with status (success/fail) and current_path.",Functional,High,"Inspection, Test",Test,Post-state JSON entries show status and current_path matching the INI after the action.,Run bind then unbind; capture JSON and INI; verify post-state matches actual INI values per bitness.,JSON summary; INI snippet after actions.,Automation QA (Agent),Build/Release,Planned,2025-02-20,,,,Confirms verification step is recorded.
BIND-007,9.10 Development Mode Binding,"The composite SHALL return a non-zero exit code if any requested bitness fails prechecks or bind/unbind actions while still emitting the JSON summary.",Interface,High,Test,Test,Process exits non-zero on failure for any requested bitness; JSON summary is still produced.,Induce a failure (e.g., missing g-cli) for one bitness; observe exit code !=0 and JSON present.,Process exit code; JSON file content.,Automation QA (Agent),Build/Release,Planned,2025-02-20,,,,Clear CI/task failure signaling.
BIND-008,9.10 Development Mode Binding,"The composite SHALL emit a human-readable summary per bitness (action taken, result, diagnostics) in addition to JSON, with a log location for the JSON file.",Interface,Medium,"Inspection, Test",Inspection,Console/log output lists each bitness with action/result and path to JSON file.,Run bind/unbind and review console output for per-bitness summary and JSON path.,Log/console excerpt.,Automation QA (Agent),Build/Release,Planned,2025-02-20,,,,Improves usability in tasks/CI.
BIND-009,9.10 Development Mode Binding,"The composite SHALL accept a bitness filter (32/64/both) and SHALL skip unavailable bitnesses gracefully with a warning and status=skip in JSON.",Functional,Medium,Test,Test,Unavailable bitness yields warning and JSON action=skip; available bitness executes normally.,Run with both bitnesses on a host missing one LabVIEW bitness; confirm warning and JSON skip entry.,Logs showing warning; JSON entry with action=skip.,Automation QA (Agent),Build/Release,Planned,2025-02-20,,,,Handles partial installations.
BIND-010,9.10 Development Mode Binding,"On failure during bind, the composite SHALL attempt to revert any partially applied dev-mode changes for the affected bitnesses before exiting.",Quality/Design Constraint,High,Test,Test,After induced failure, INI/path state is restored to pre-run for affected bitness.,Force a mid-run failure (e.g., break prepare script); confirm revert executed and INI matches baseline.,INI before/after; logs showing revert attempt.,Automation QA (Agent),Build/Release,Planned,2025-02-20,,,,Prevents half-configured states.
BIND-011,9.10 Development Mode Binding,"The composite SHALL enforce prechecks: validate RepositoryPath exists, required scripts (Create_LV_INI_Token.vi, g-cli) are present, and fail with a clear diagnostic if missing.",Functional,High,"Inspection, Test",Test,Missing precheck dependency causes early failure with clear message; no INI changes are made.,Remove g-cli or the VI; run bind; observe failure message and no INI modifications.,Error log; unchanged INI.,Automation QA (Agent),Build/Release,Planned,2025-02-20,,,,Guards against misconfigured hosts.
BIND-012,9.10 Development Mode Binding,"The composite SHALL support a configurable JSON output path (defaulting to workspace tmp or reports) and create parent directories as needed.",Interface,Low,"Inspection, Test",Inspection,JSON is written to the requested path; parent directories created if absent.,Set a custom JSON path; run bind; verify file written and directories created.,Filesystem listing; JSON file content.,Automation QA (Agent),Build/Release,Planned,2025-02-20,,,,Enables integration with tasks/CI artifacts.
BIND-013,9.10 Development Mode Binding,"The composite SHALL leave unrelated INI tokens untouched (other repos or products) and only mutate entries associated with the provided RepositoryPath (unless Force).",Quality/Design Constraint,High,"Inspection, Test",Inspection,Other repo tokens remain unchanged after bind/unbind without Force.,Preseed INI with entries for another repo; run bind/unbind; verify other entries unchanged.,INI before/after.,Automation QA (Agent),Build/Release,Planned,2025-02-20,,,,Protects other toolchains.
BIND-014,9.10 Development Mode Binding,"The composite SHOULD export artifacts (logs/JSON) as CI attachments when run in CI context (e.g., path under reports/ or builds/).",Quality/Design Constraint,Medium,"Inspection, Test",Inspection,Artifacts land under a predictable path suitable for upload in CI.,Run in CI-like env; confirm logs/JSON written under reports or builds.,Path listing; CI artifact upload config.,Automation QA (Agent),Build/Release,Planned,2025-02-20,,,,Supports traceability in CI runs.
